{
  "RR_ms_mean": 2407.3868262497954,
  "RR_ms_median": 720.8333333333334,
  "RR_ms_sd": 253494.99859568579,
  "RR_ms_mad": 66.66666666666663,
  "RR_SDSD_ms": 358512.8663973615,
  "RR_pct_outliers_gt_20pct": 38.8389040426658,
  "QRS_ms_mean": 187.7966619173621,
  "QRS_ms_sd": 41.7265222487957,
  "QRS_pct_gt_120ms": 95.94138001221249,
  "RT_peak_ms_mean": 370.2932695569578,
  "RT_peak_ms_sd": 75.03846344898307,
  "RT_peak_ms_trend_ms_per_hr": 0.05333456300352254,
  "RT_end_ms_mean": 518.0619458423197,
  "RT_end_ms_sd": 38.19581417381755,
  "RT_end_ms_trend_ms_per_hr": -0.4699916300912804,
  "QT_ms_mean": 599.6057991852384,
  "QT_ms_sd": 56.39580237065599,
  "QTc_Bazett_ms_mean": 721.4681498889001,
  "QTc_Bazett_ms_sd": 86.1475840014782,
  "QTc_Bazett_ms_pct_gt_480ms": 99.27385146308146,
  "QTc_Bazett_ms_pct_gt_500ms": 98.7202530735495,
  "QTc_Fridericia_ms_mean": 677.5400408460067,
  "QTc_Fridericia_ms_sd": 68.24065364272558,
  "QTc_Fridericia_ms_pct_gt_480ms": 99.04378459989934,
  "QTc_Fridericia_ms_pct_gt_500ms": 98.29606729455747,
  "Tpeak_Tend_ms_mean": 154.31494128924032,
  "Tpeak_Tend_ms_sd": 30.10372906563657
}