{
  "RR_ms_mean": 1161.2160852713178,
  "RR_ms_median": 766.6666666666667,
  "RR_ms_sd": 2397.377784208732,
  "RR_ms_mad": 95.83333333333348,
  "RR_SDSD_ms": 3366.1828972884064,
  "RR_pct_outliers_gt_20pct": 48.932038834951456,
  "QRS_ms_mean": 183.20438426821403,
  "QRS_ms_sd": 46.17834121028903,
  "QRS_pct_gt_120ms": 92.45647969052224,
  "RT_peak_ms_mean": 351.3646640826874,
  "RT_peak_ms_sd": 119.94296576246383,
  "RT_peak_ms_trend_ms_per_hr": 459.762923038534,
  "RT_end_ms_mean": 507.60869565217376,
  "RT_end_ms_sd": 67.34564485209549,
  "RT_end_ms_trend_ms_per_hr": 14.737262866363315,
  "QT_ms_mean": 605.7971014492754,
  "QT_ms_sd": 65.32430666851019,
  "QTc_Bazett_ms_mean": 684.726605386943,
  "QTc_Bazett_ms_sd": 135.76587605435074,
  "QTc_Bazett_ms_pct_gt_480ms": 95.65217391304348,
  "QTc_Bazett_ms_pct_gt_500ms": 91.30434782608695,
  "QTc_Fridericia_ms_mean": 656.03920523884,
  "QTc_Fridericia_ms_sd": 108.02016232171205,
  "QTc_Fridericia_ms_pct_gt_480ms": 95.65217391304348,
  "QTc_Fridericia_ms_pct_gt_500ms": 91.30434782608695,
  "Tpeak_Tend_ms_mean": 173.18840579710144,
  "Tpeak_Tend_ms_sd": 80.95884202413255
}