{
  "RR_ms_mean": 705.9798989857846,
  "RR_ms_median": 720.8333333333334,
  "RR_ms_sd": 134.51553552788664,
  "RR_ms_mad": 66.66666666666663,
  "RR_SDSD_ms": 179.94455708684262,
  "RR_pct_outliers_gt_20pct": 38.78615071283096,
  "QRS_ms_mean": 187.82245801257244,
  "QRS_ms_sd": 41.71911972636433,
  "QRS_pct_gt_120ms": 95.94313877235143,
  "RT_peak_ms_mean": 370.2827787055517,
  "RT_peak_ms_sd": 74.93154906121903,
  "RT_peak_ms_trend_ms_per_hr": 0.04793615479837339,
  "RT_end_ms_mean": 518.054157378778,
  "RT_end_ms_sd": 38.19523888634036,
  "RT_end_ms_trend_ms_per_hr": -0.4774014419366567,
  "QT_ms_mean": 599.594029385681,
  "QT_ms_sd": 56.39470733774513,
  "QTc_Bazett_ms_mean": 721.550903770543,
  "QTc_Bazett_ms_sd": 85.8681347326102,
  "QTc_Bazett_ms_pct_gt_480ms": 99.28812828072195,
  "QTc_Bazett_ms_pct_gt_500ms": 98.734450276839,
  "QTc_Fridericia_ms_mean": 677.6050334345741,
  "QTc_Fridericia_ms_sd": 68.01576181479437,
  "QTc_Fridericia_ms_pct_gt_480ms": 99.0580283310563,
  "QTc_Fridericia_ms_pct_gt_500ms": 98.31020349464299,
  "Tpeak_Tend_ms_mean": 154.32965413101317,
  "Tpeak_Tend_ms_sd": 30.08945791896389
}