{
  "RR_ms_mean": 2379.489075325929,
  "RR_ms_median": 708.3333333333334,
  "RR_ms_sd": 252021.9467071399,
  "RR_ms_mad": 75.00000000000011,
  "RR_SDSD_ms": 356429.3029610425,
  "RR_pct_outliers_gt_20pct": 35.487505532976535,
  "QRS_ms_mean": 163.00882522566022,
  "QRS_ms_sd": 37.754059359935496,
  "QRS_pct_gt_120ms": 99.00615619844687,
  "RT_peak_ms_mean": 370.881114285331,
  "RT_peak_ms_sd": 86.1083463059936,
  "RT_peak_ms_trend_ms_per_hr": -1.8342490679322327,
  "RT_end_ms_mean": 509.05782312925163,
  "RT_end_ms_sd": 48.852816324255734,
  "RT_end_ms_trend_ms_per_hr": -4.564012574664416,
  "QT_ms_mean": 576.0646258503401,
  "QT_ms_sd": 57.97361425309166,
  "QTc_Bazett_ms_mean": 727.0007500728104,
  "QTc_Bazett_ms_sd": 105.51418525142682,
  "QTc_Bazett_ms_pct_gt_480ms": 98.85690957338232,
  "QTc_Bazett_ms_pct_gt_500ms": 97.75464380485813,
  "QTc_Fridericia_ms_mean": 672.0293884701716,
  "QTc_Fridericia_ms_sd": 84.0028484144598,
  "QTc_Fridericia_ms_pct_gt_480ms": 97.81588079199837,
  "QTc_Fridericia_ms_pct_gt_500ms": 96.20330679730557,
  "Tpeak_Tend_ms_mean": 194.35204081632654,
  "Tpeak_Tend_ms_sd": 65.64855402333343
}