{
  "RR_ms_mean": 854.7551117451259,
  "RR_ms_median": 733.3333333333333,
  "RR_ms_sd": 1810.3949805440222,
  "RR_ms_mad": 58.33333333333326,
  "RR_SDSD_ms": 2540.3332784886043,
  "RR_pct_outliers_gt_20pct": 35.714285714285715,
  "QRS_ms_mean": 170.35849952516617,
  "QRS_ms_sd": 36.44493867483878,
  "QRS_pct_gt_120ms": 98.00569800569801,
  "RT_peak_ms_mean": 345.9997622444127,
  "RT_peak_ms_sd": 82.65300890406695,
  "RT_peak_ms_trend_ms_per_hr": 279.7372020184055,
  "RT_end_ms_mean": 454.52235772357733,
  "RT_end_ms_sd": 47.01466625074345,
  "RT_end_ms_trend_ms_per_hr": 595.0578824880645,
  "QT_ms_mean": 539.380081300813,
  "QT_ms_sd": 37.41983273154235,
  "QTc_Bazett_ms_mean": 616.6944326229681,
  "QTc_Bazett_ms_sd": 56.14284854781881,
  "QTc_Bazett_ms_pct_gt_480ms": 99.38650306748467,
  "QTc_Bazett_ms_pct_gt_500ms": 98.15950920245399,
  "QTc_Fridericia_ms_mean": 589.4748570767506,
  "QTc_Fridericia_ms_sd": 46.558406322568494,
  "QTc_Fridericia_ms_pct_gt_480ms": 98.77300613496932,
  "QTc_Fridericia_ms_pct_gt_500ms": 97.54601226993866,
  "Tpeak_Tend_ms_mean": 143.59756097560975,
  "Tpeak_Tend_ms_sd": 29.42078258650497
}