{
  "RR_ms_mean": 852.3174490279753,
  "RR_ms_median": 720.8333333333334,
  "RR_ms_sd": 1809.881552816462,
  "RR_ms_mad": 54.16666666666663,
  "RR_SDSD_ms": 2513.633194040825,
  "RR_pct_outliers_gt_20pct": 35.47008547008547,
  "QRS_ms_mean": 197.2360321969697,
  "QRS_ms_sd": 34.220651504415656,
  "QRS_pct_gt_120ms": 99.43181818181817,
  "RT_peak_ms_mean": 340.93764817449033,
  "RT_peak_ms_sd": 97.84617132756848,
  "RT_peak_ms_trend_ms_per_hr": 511.2910863688064,
  "RT_end_ms_mean": 496.53284671532845,
  "RT_end_ms_sd": 31.702590890913076,
  "RT_end_ms_trend_ms_per_hr": -163.21284445013544,
  "QT_ms_mean": 581.6605839416059,
  "QT_ms_sd": 45.838077937391226,
  "QTc_Bazett_ms_mean": 679.3464074379077,
  "QTc_Bazett_ms_sd": 71.16775504706034,
  "QTc_Bazett_ms_pct_gt_480ms": 100.0,
  "QTc_Bazett_ms_pct_gt_500ms": 99.63503649635037,
  "QTc_Fridericia_ms_mean": 644.5510930396534,
  "QTc_Fridericia_ms_sd": 57.261551954691434,
  "QTc_Fridericia_ms_pct_gt_480ms": 100.0,
  "QTc_Fridericia_ms_pct_gt_500ms": 100.0,
  "Tpeak_Tend_ms_mean": 151.2317518248175,
  "Tpeak_Tend_ms_sd": 27.651254985110057
}